C1000,Thomas Duncan,2024-12-15 09:59:33,2024-12-15 09:59:33
C1001,Kenneth Ross,2024-12-15 09:59:33,2024-12-15 09:59:33
C1002,Henry Reyes,2024-12-15 09:59:33,2024-12-15 09:59:33
C1003,Benjamin Carter,2024-12-15 09:59:33,2024-12-15 09:59:33
C1004,Jeremy Schmidt,2024-12-15 09:59:33,2024-12-15 09:59:33
C1005,Joe Hanson,2024-12-15 09:59:33,2024-12-15 09:59:33
C1006,Henry Reyes,2024-12-15 09:59:33,2024-12-15 09:59:33
C1007,Benjamin Vasquez,2024-12-15 09:59:33,2024-12-15 09:59:33
C1008,Benjamin Kim,2024-12-15 09:59:33,2024-12-15 09:59:33
C1009,Howard Morgan,2024-12-15 09:59:33,2024-12-15 09:59:33
C1010,Ralph Wood,2024-12-15 09:59:33,2024-12-15 09:59:33
C1011,Brandon Wright,2024-12-15 09:59:33,2024-12-15 09:59:33
C1012,Gerald Andrews,2024-12-15 09:59:33,2024-12-15 09:59:33
C1013,Nicholas Garcia,2024-12-15 09:59:33,2024-12-15 09:59:33
C1014,Juan Perez,2024-12-15 09:59:33,2024-12-15 09:59:33
C1015,Andrew Graham,2024-12-15 09:59:33,2024-12-15 09:59:33
C1016,Douglas Kennedy,2024-12-15 09:59:33,2024-12-15 09:59:33
C1017,Eugene Brooks,2024-12-15 09:59:33,2024-12-15 09:59:33
C1018,Samuel Jenkins,2024-12-15 09:59:33,2024-12-15 09:59:33
C1019,Jeremy Arnold,2024-12-15 09:59:33,2024-12-15 09:59:33
C1020,Peter Cook,2024-12-15 09:59:33,2024-12-15 09:59:33
C1021,Sean Andrews,2024-12-15 09:59:33,2024-12-15 09:59:33
C1022,Phillip Harvey,2024-12-15 09:59:33,2024-12-15 09:59:33
C1023,Wayne Stewart,2024-12-15 09:59:33,2024-12-15 09:59:33
C1024,Raymond Burke,2024-12-15 09:59:33,2024-12-15 09:59:33
C1025,Patrick Rivera,2024-12-15 09:59:33,2024-12-15 09:59:33
C1026,Walter Harris,2024-12-15 09:59:33,2024-12-15 09:59:33
C1027,Victor Gutierrez,2024-12-15 09:59:33,2024-12-15 09:59:33
C1028,Jason Diaz,2024-12-15 09:59:33,2024-12-15 09:59:33
C1029,Phillip Carpenter,2024-12-15 09:59:33,2024-12-15 09:59:33
C1030,Jose Williams,2024-12-15 09:59:33,2024-12-15 09:59:33
C1031,Victor Lopez,2024-12-15 09:59:33,2024-12-15 09:59:33
C1032,Bobby Jackson,2024-12-15 09:59:33,2024-12-15 09:59:33
C1033,Patrick Wells,2024-12-15 09:59:33,2024-12-15 09:59:33
C1034,Scott Roberts,2024-12-15 09:59:33,2024-12-15 09:59:33
C1035,Wayne Gordon,2024-12-15 09:59:33,2024-12-15 09:59:33
C1036,Keith Hamilton,2024-12-15 09:59:33,2024-12-15 09:59:33
C1037,Clarence Kelley,2024-12-15 09:59:33,2024-12-15 09:59:33
C1038,Robert Price,2024-12-15 09:59:33,2024-12-15 09:59:33
C1039,James Williams,2024-12-15 09:59:33,2024-12-15 09:59:33
C1040,Victor Gray,2024-12-15 09:59:33,2024-12-15 09:59:33
C1041,Albert Cunningham,2024-12-15 09:59:33,2024-12-15 09:59:33
C1042,Earl Ortiz,2024-12-15 09:59:33,2024-12-15 09:59:33
C1043,Johnny Butler,2024-12-15 09:59:33,2024-12-15 09:59:33
C1044,Bobby Greene,2024-12-15 09:59:33,2024-12-15 09:59:33
C1045,Johnny Butler,2024-12-15 09:59:33,2024-12-15 09:59:33
C1046,Matthew Phillips,2024-12-15 09:59:33,2024-12-15 09:59:33
C1047,Keith Hamilton,2024-12-15 09:59:33,2024-12-15 09:59:33
C1048,Charles Richards,2024-12-15 09:59:33,2024-12-15 09:59:33
C1049,Kenneth Foster,2024-12-15 09:59:33,2024-12-15 09:59:33
C1050,Kenneth Simpson,2024-12-15 09:59:33,2024-12-15 09:59:33
C1051,Willie Hicks,2024-12-15 09:59:33,2024-12-15 09:59:33
C1052,Michael Cole,2024-12-15 09:59:33,2024-12-15 09:59:33
C1053,Shawn Day,2024-12-15 09:59:33,2024-12-15 09:59:33
C1054,Ralph Nichols,2024-12-15 09:59:33,2024-12-15 09:59:33
C1055,Eric Alvarez,2024-12-15 09:59:33,2024-12-15 09:59:33
C1056,Andrew Peters,2024-12-15 09:59:33,2024-12-15 09:59:33
C1057,Paul Lane,2024-12-15 09:59:33,2024-12-15 09:59:33
C1058,Paul Lane,2024-12-15 09:59:33,2024-12-15 09:59:33
C1059,Jason Hanson,2024-12-15 09:59:33,2024-12-15 09:59:33
C1060,Louis White,2024-12-15 09:59:33,2024-12-15 09:59:33
C1061,Earl Simpson,2024-12-15 09:59:33,2024-12-15 09:59:33
C1062,Wayne Johnson,2024-12-15 09:59:33,2024-12-15 09:59:33
C1063,Joseph Warren,2024-12-15 09:59:33,2024-12-15 09:59:33
C1064,Carlos Smith,2024-12-15 09:59:33,2024-12-15 09:59:33
C1065,Harry Castillo,2024-12-15 09:59:33,2024-12-15 09:59:33
C1066,Joe Carroll,2024-12-15 09:59:33,2024-12-15 09:59:33
C1067,Ralph Elliott,2024-12-15 09:59:33,2024-12-15 09:59:33
C1068,Raymond Spencer,2024-12-15 09:59:33,2024-12-15 09:59:33
C1069,Aaron Carr,2024-12-15 09:59:33,2024-12-15 09:59:33
C1070,David Garrett,2024-12-15 09:59:33,2024-12-15 09:59:33
C1071,Shawn Day,2024-12-15 09:59:33,2024-12-15 09:59:33
C1072,Aaron Tucker,2024-12-15 09:59:33,2024-12-15 09:59:33
C1073,Antonio Frazier,2024-12-15 09:59:33,2024-12-15 09:59:33
C1074,Kevin Webb,2024-12-15 09:59:33,2024-12-15 09:59:33
C1075,Albert Cunningham,2024-12-15 09:59:33,2024-12-15 09:59:33
C1076,Joshua Garza,2024-12-15 09:59:33,2024-12-15 09:59:33
C1077,Paul Lane,2024-12-15 09:59:33,2024-12-15 09:59:33
C1078,Russell Nelson,2024-12-15 09:59:33,2024-12-15 09:59:33
C1079,Louis Austin,2024-12-15 09:59:33,2024-12-15 09:59:33
C1080,Carl Nguyen,2024-12-15 09:59:33,2024-12-15 09:59:33
C1081,Brian Murphy,2024-12-15 09:59:33,2024-12-15 09:59:33
C1082,Martin Berry,2024-12-15 09:59:33,2024-12-15 09:59:33
C1083,Aaron Cruz,2024-12-15 09:59:33,2024-12-15 09:59:33
C1084,Benjamin Ryan,2024-12-15 09:59:33,2024-12-15 09:59:33
C1085,Phillip Peters,2024-12-15 09:59:33,2024-12-15 09:59:33
C1086,Phillip Webb,2024-12-15 09:59:33,2024-12-15 09:59:33
C1087,Frank Mason,2024-12-15 09:59:33,2024-12-15 09:59:33
C1088,Mark Montgomery,2024-12-15 09:59:33,2024-12-15 09:59:33
C1089,Arthur Webb,2024-12-15 09:59:33,2024-12-15 09:59:33
C1090,Fred Romero,2024-12-15 09:59:33,2024-12-15 09:59:33
C1091,Jason Duncan,2024-12-15 09:59:33,2024-12-15 09:59:33
C1092,Roger Elliott,2024-12-15 09:59:33,2024-12-15 09:59:33
C1093,Raymond Hall,2024-12-15 09:59:33,2024-12-15 09:59:33
C1094,Charles Montgomery,2024-12-15 09:59:33,2024-12-15 09:59:33
C1095,Bobby Coleman,2024-12-15 09:59:33,2024-12-15 09:59:33
C1096,Antonio Nelson,2024-12-15 09:59:33,2024-12-15 09:59:33
C1097,Eric Armstrong,2024-12-15 09:59:33,2024-12-15 09:59:33
C1098,Jesse Hill,2024-12-15 09:59:33,2024-12-15 09:59:33
C1099,Johnny Hawkins,2024-12-15 09:59:33,2024-12-15 09:59:33
C1100,Stephen Reynolds,2024-12-15 09:59:33,2024-12-15 09:59:33
C1101,Billy Miller,2024-12-15 09:59:33,2024-12-15 09:59:33
C1102,Raymond Fields,2024-12-15 09:59:33,2024-12-15 09:59:33
C1103,John Robertson,2024-12-15 09:59:33,2024-12-15 09:59:33
C1104,Patrick Brown,2024-12-15 09:59:33,2024-12-15 09:59:33
C1105,William Medina,2024-12-15 09:59:33,2024-12-15 09:59:33
C1106,Alan Thomas,2024-12-15 09:59:33,2024-12-15 09:59:33
C1107,Adam Thompson,2024-12-15 09:59:33,2024-12-15 09:59:33
C1108,Mark Gonzalez,2024-12-15 09:59:33,2024-12-15 09:59:33
C1109,Earl Robinson,2024-12-15 09:59:33,2024-12-15 09:59:33
C1110,Victor Lopez,2024-12-15 09:59:33,2024-12-15 09:59:33
C1111,Bobby Burton,2024-12-15 09:59:33,2024-12-15 09:59:33
C1112,James Armstrong,2024-12-15 09:59:33,2024-12-15 09:59:33
C1113,Steve Wells,2024-12-15 09:59:33,2024-12-15 09:59:33
C1114,Jerry Andrews,2024-12-15 09:59:33,2024-12-15 09:59:33
C1115,David Mendoza,2024-12-15 09:59:33,2024-12-15 09:59:33
C1116,Eugene Scott,2024-12-15 09:59:33,2024-12-15 09:59:33
C1117,Ralph Wood,2024-12-15 09:59:33,2024-12-15 09:59:33
C1118,Jesse Barnes,2024-12-15 09:59:33,2024-12-15 09:59:33
C1119,Benjamin Lynch,2024-12-15 09:59:33,2024-12-15 09:59:33
C1120,Victor Gray,2024-12-15 09:59:33,2024-12-15 09:59:33
C1121,Jesse Graham,2024-12-15 09:59:33,2024-12-15 09:59:33
C1122,Harry Daniels,2024-12-15 09:59:33,2024-12-15 09:59:33
C1123,Christopher Kim,2024-12-15 09:59:33,2024-12-15 09:59:33
C1124,Benjamin Ryan,2024-12-15 09:59:33,2024-12-15 09:59:33
C1125,Juan Cruz,2024-12-15 09:59:33,2024-12-15 09:59:33
C1126,Joshua Anderson,2024-12-15 09:59:33,2024-12-15 09:59:33
C1127,Samuel Price,2024-12-15 09:59:33,2024-12-15 09:59:33
C1128,Scott Allen,2024-12-15 09:59:33,2024-12-15 09:59:33
C1129,Roger Alexander,2024-12-15 09:59:33,2024-12-15 09:59:33
C1130,David Mendoza,2024-12-15 09:59:33,2024-12-15 09:59:33
C1131,Jason Hudson,2024-12-15 09:59:33,2024-12-15 09:59:33
C1132,Joe Fuller,2024-12-15 09:59:33,2024-12-15 09:59:33
C1133,Roger Tucker,2024-12-15 09:59:33,2024-12-15 09:59:33
C1134,Aaron Day,2024-12-15 09:59:33,2024-12-15 09:59:33
C1135,Michael Reed,2024-12-15 09:59:33,2024-12-15 09:59:33
C1136,Justin Butler,2024-12-15 09:59:33,2024-12-15 09:59:33
C1137,Brandon Wood,2024-12-15 09:59:33,2024-12-15 09:59:33
C1138,Charles Perry,2024-12-15 09:59:33,2024-12-15 09:59:33
C1139,Aaron Tucker,2024-12-15 09:59:33,2024-12-15 09:59:33
C1140,Andrew Hansen,2024-12-15 09:59:33,2024-12-15 09:59:33
C1141,Albert Jacobs,2024-12-15 09:59:33,2024-12-15 09:59:33
C1142,Daniel Perry,2024-12-15 09:59:33,2024-12-15 09:59:33
C1143,Ronald Bradley,2024-12-15 09:59:33,2024-12-15 09:59:33
C1144,Carlos Reed,2024-12-15 09:59:33,2024-12-15 09:59:33
C1145,Kevin Willis,2024-12-15 09:59:33,2024-12-15 09:59:33
C1146,Terry Richards,2024-12-15 09:59:33,2024-12-15 09:59:33
C1147,Thomas Hawkins,2024-12-15 09:59:33,2024-12-15 09:59:33
C1148,Shawn Torres,2024-12-15 09:59:33,2024-12-15 09:59:33
C1149,Jesse Hill,2024-12-15 09:59:33,2024-12-15 09:59:33
C1150,Adam Bailey,2024-12-15 09:59:33,2024-12-15 09:59:33
C1151,Shawn Ramos,2024-12-15 09:59:33,2024-12-15 09:59:33
C1152,Frank Webb,2024-12-15 09:59:33,2024-12-15 09:59:33
C1153,Brandon Diaz,2024-12-15 09:59:33,2024-12-15 09:59:33
C1154,Lawrence Watson,2024-12-15 09:59:33,2024-12-15 09:59:33
C1155,Daniel Barnes,2024-12-15 09:59:33,2024-12-15 09:59:33
C1156,Steven Hayes,2024-12-15 09:59:33,2024-12-15 09:59:33
C1157,Clarence Freeman,2024-12-15 09:59:33,2024-12-15 09:59:33
C1158,Terry Morris,2024-12-15 09:59:33,2024-12-15 09:59:33
C1159,Wayne Stone,2024-12-15 09:59:33,2024-12-15 09:59:33
C1160,Michael Thomas,2024-12-15 09:59:33,2024-12-15 09:59:33
C1161,Mark Montgomery,2024-12-15 09:59:33,2024-12-15 09:59:33
C1162,Frank Ortiz,2024-12-15 09:59:33,2024-12-15 09:59:33
C1163,Shawn Wallace,2024-12-15 09:59:33,2024-12-15 09:59:33
C1164,Roger Elliott,2024-12-15 09:59:33,2024-12-15 09:59:33
C1165,Victor Hughes,2024-12-15 09:59:33,2024-12-15 09:59:33
C1166,Jesse Evans,2024-12-15 09:59:33,2024-12-15 09:59:33
C1167,Aaron Miller,2024-12-15 09:59:33,2024-12-15 09:59:33
C1168,Keith Campbell,2024-12-15 09:59:33,2024-12-15 09:59:33
C1169,Edward Walker,2024-12-15 09:59:33,2024-12-15 09:59:33
C1170,Steve Stewart,2024-12-15 09:59:33,2024-12-15 09:59:33
C1171,Billy Adams,2024-12-15 09:59:33,2024-12-15 09:59:33
C1172,George Stanley,2024-12-15 09:59:33,2024-12-15 09:59:33
C1173,Steven Owens,2024-12-15 09:59:33,2024-12-15 09:59:33
C1174,Sean Snyder,2024-12-15 09:59:33,2024-12-15 09:59:33
C1175,Phillip Coleman,2024-12-15 09:59:33,2024-12-15 09:59:33
C1176,Ronald Anderson,2024-12-15 09:59:33,2024-12-15 09:59:33
C1177,Jack Stevens,2024-12-15 09:59:33,2024-12-15 09:59:33
C1178,Richard Peters,2024-12-15 09:59:33,2024-12-15 09:59:33
C1179,David Wilson,2024-12-15 09:59:33,2024-12-15 09:59:33
C1180,Steven Mccoy,2024-12-15 09:59:33,2024-12-15 09:59:33
C1181,Raymond Alexander,2024-12-15 09:59:33,2024-12-15 09:59:33
C1182,Martin Olson,2024-12-15 09:59:33,2024-12-15 09:59:33
C1183,Paul Holmes,2024-12-15 09:59:33,2024-12-15 09:59:33
C1184,Adam White,2024-12-15 09:59:33,2024-12-15 09:59:33
C1185,Phillip Edwards,2024-12-15 09:59:33,2024-12-15 09:59:33
C1186,Bruce Porter,2024-12-15 09:59:33,2024-12-15 09:59:33
C1187,Billy West,2024-12-15 09:59:33,2024-12-15 09:59:33
C1188,Michael Cole,2024-12-15 09:59:33,2024-12-15 09:59:33
C1189,Ralph Wood,2024-12-15 09:59:33,2024-12-15 09:59:33
C1190,Steve Tucker,2024-12-15 09:59:33,2024-12-15 09:59:33
C1191,Terry Richards,2024-12-15 09:59:33,2024-12-15 09:59:33
C1192,Michael Austin,2024-12-15 09:59:33,2024-12-15 09:59:33
C1193,Antonio Frazier,2024-12-15 09:59:33,2024-12-15 09:59:33
C1194,Clarence Kelley,2024-12-15 09:59:33,2024-12-15 09:59:33
C1195,Steven Hayes,2024-12-15 09:59:33,2024-12-15 09:59:33
C1196,Edward Williams,2024-12-15 09:59:33,2024-12-15 09:59:33
C1197,Nicholas Simmons,2024-12-15 09:59:33,2024-12-15 09:59:33
C1198,Jason Ross,2024-12-15 09:59:33,2024-12-15 09:59:33
C1199,David Wheeler,2024-12-15 09:59:33,2024-12-15 09:59:33
C1200,John Brooks,2024-12-15 09:59:33,2024-12-15 09:59:33
C1201,Ernest Rivera,2024-12-15 09:59:33,2024-12-15 09:59:33
C1202,Todd Price,2024-12-15 09:59:33,2024-12-15 09:59:33
C1203,Joshua Brooks,2024-12-15 09:59:33,2024-12-15 09:59:33
C1204,Henry Boyd,2024-12-15 09:59:33,2024-12-15 09:59:33
C1205,Wayne Hunter,2024-12-15 09:59:33,2024-12-15 09:59:33
C1206,Antonio Cooper,2024-12-15 09:59:33,2024-12-15 09:59:33
C1207,Johnny Hawkins,2024-12-15 09:59:33,2024-12-15 09:59:33
C1208,Timothy Lawrence,2024-12-15 09:59:33,2024-12-15 09:59:33
C1209,Jesse Hill,2024-12-15 09:59:33,2024-12-15 09:59:33
C1210,Gregory Welch,2024-12-15 09:59:33,2024-12-15 09:59:33
C1211,Jesse Castillo,2024-12-15 09:59:33,2024-12-15 09:59:33
C1212,Andrew Adams,2024-12-15 09:59:33,2024-12-15 09:59:33
C1213,Christopher Hudson,2024-12-15 09:59:33,2024-12-15 09:59:33
C1214,Clarence Austin,2024-12-15 09:59:33,2024-12-15 09:59:33
C1215,Aaron Cruz,2024-12-15 09:59:33,2024-12-15 09:59:33
C1216,James Simmons,2024-12-15 09:59:33,2024-12-15 09:59:33
C1217,Joe Price,2024-12-15 09:59:33,2024-12-15 09:59:33
C1218,Victor Scott,2024-12-15 09:59:33,2024-12-15 09:59:33
C1219,Jack Howell,2024-12-15 09:59:33,2024-12-15 09:59:33
C1220,Eric Bradley,2024-12-15 09:59:33,2024-12-15 09:59:33
C1221,Peter Cook,2024-12-15 09:59:33,2024-12-15 09:59:33
C1222,Billy Olson,2024-12-15 09:59:33,2024-12-15 09:59:33
C1223,Jack Stevens,2024-12-15 09:59:33,2024-12-15 09:59:33
C1224,Ralph Richardson,2024-12-15 09:59:33,2024-12-15 09:59:33
C1225,Jose Ellis,2024-12-15 09:59:33,2024-12-15 09:59:33
C1226,Ernest Fox,2024-12-15 09:59:33,2024-12-15 09:59:33
C1227,Harry Castillo,2024-12-15 09:59:33,2024-12-15 09:59:33
C1228,Steve Miller,2024-12-15 09:59:33,2024-12-15 09:59:33
C1229,Mark Gonzalez,2024-12-15 09:59:33,2024-12-15 09:59:33
C1230,Christopher Wright,2024-12-15 09:59:33,2024-12-15 09:59:33
C1231,Matthew Lewis,2024-12-15 09:59:33,2024-12-15 09:59:33
C1232,Wayne Stewart,2024-12-15 09:59:33,2024-12-15 09:59:33
C1233,Billy Olson,2024-12-15 09:59:33,2024-12-15 09:59:33
C1234,Shawn Stephens,2024-12-15 09:59:33,2024-12-15 09:59:33
C1235,Victor Martinez,2024-12-15 09:59:33,2024-12-15 09:59:33
C1236,Paul Richardson,2024-12-15 09:59:33,2024-12-15 09:59:33
C1237,Terry Payne,2024-12-15 09:59:33,2024-12-15 09:59:33
C1238,Billy Nelson,2024-12-15 09:59:33,2024-12-15 09:59:33
C1239,Martin Olson,2024-12-15 09:59:33,2024-12-15 09:59:33
C1240,Clarence Freeman,2024-12-15 09:59:33,2024-12-15 09:59:33
C1241,Jeremy Wilson,2024-12-15 09:59:33,2024-12-15 09:59:33
C1242,Samuel Fowler,2024-12-15 09:59:33,2024-12-15 09:59:33
C1243,Ronald Burns,2024-12-15 09:59:33,2024-12-15 09:59:33
C1244,Victor Lopez,2024-12-15 09:59:33,2024-12-15 09:59:33
C1245,Terry Mills,2024-12-15 09:59:33,2024-12-15 09:59:33
C1246,Jesse Hill,2024-12-15 09:59:33,2024-12-15 09:59:33
C1247,Fred Russell,2024-12-15 09:59:33,2024-12-15 09:59:33
C1248,Harold Matthews,2024-12-15 09:59:33,2024-12-15 09:59:33
C1249,Wayne Ortiz,2024-12-15 09:59:33,2024-12-15 09:59:33
C1250,Alan Scott,2024-12-15 09:59:33,2024-12-15 09:59:33
C1251,Anthony Fisher,2024-12-15 09:59:33,2024-12-15 09:59:33
C1252,Christopher Arnold,2024-12-15 09:59:33,2024-12-15 09:59:33
C1253,Lawrence Kelly,2024-12-15 09:59:33,2024-12-15 09:59:33
C1254,Howard Harrison,2024-12-15 09:59:33,2024-12-15 09:59:33
C1255,Jonathan Moreno,2024-12-15 09:59:33,2024-12-15 09:59:33
C1256,Roger Alexander,2024-12-15 09:59:33,2024-12-15 09:59:33
C1257,James Armstrong,2024-12-15 09:59:33,2024-12-15 09:59:33
C1258,Stephen Webb,2024-12-15 09:59:33,2024-12-15 09:59:33
C1259,Phillip Webb,2024-12-15 09:59:33,2024-12-15 09:59:33
C1260,Steven Martinez,2024-12-15 09:59:33,2024-12-15 09:59:33
C1261,Andrew James,2024-12-15 09:59:33,2024-12-15 09:59:33
C1262,Matthew Fernandez,2024-12-15 09:59:33,2024-12-15 09:59:33
C1263,Michael Mills,2024-12-15 09:59:33,2024-12-15 09:59:33
C1264,Keith Moore,2024-12-15 09:59:33,2024-12-15 09:59:33
C1265,Michael Ward,2024-12-15 09:59:33,2024-12-15 09:59:33
C1266,Chris Chapman,2024-12-15 09:59:33,2024-12-15 09:59:33
C1267,Matthew Fernandez,2024-12-15 09:59:33,2024-12-15 09:59:33
C1268,Peter Warren,2024-12-15 09:59:33,2024-12-15 09:59:33
C1269,Steven Hayes,2024-12-15 09:59:33,2024-12-15 09:59:33
C1270,Joe Baker,2024-12-15 09:59:33,2024-12-15 09:59:33
C1271,Stephen Larson,2024-12-15 09:59:33,2024-12-15 09:59:33
C1272,Juan Hunt,2024-12-15 09:59:33,2024-12-15 09:59:33
C1273,Henry Kelley,2024-12-15 09:59:33,2024-12-15 09:59:33
C1274,Adam Hernandez,2024-12-15 09:59:33,2024-12-15 09:59:33
C1275,Willie Day,2024-12-15 09:59:33,2024-12-15 09:59:33
C1276,George Hill,2024-12-15 09:59:33,2024-12-15 09:59:33
C1277,Peter Cook,2024-12-15 09:59:33,2024-12-15 09:59:33
C1278,Johnny Butler,2024-12-15 09:59:33,2024-12-15 09:59:33
C1279,Eugene Sims,2024-12-15 09:59:33,2024-12-15 09:59:33
C1280,William James,2024-12-15 09:59:33,2024-12-15 09:59:33
C1281,Jack Stevens,2024-12-15 09:59:33,2024-12-15 09:59:33
C1282,Chris Howard,2024-12-15 09:59:33,2024-12-15 09:59:33
C1283,Charles Hughes,2024-12-15 09:59:33,2024-12-15 09:59:33
C1284,Ralph Richardson,2024-12-15 09:59:33,2024-12-15 09:59:33
C1285,Anthony Little,2024-12-15 09:59:33,2024-12-15 09:59:33
C1286,Bobby Hughes,2024-12-15 09:59:33,2024-12-15 09:59:33
C1287,Aaron Johnson,2024-12-15 09:59:33,2024-12-15 09:59:33
C1288,Jeffrey Phillips,2024-12-15 09:59:33,2024-12-15 09:59:33
C1289,Mark Elliott,2024-12-15 09:59:33,2024-12-15 09:59:33
C1290,Thomas Holmes,2024-12-15 09:59:33,2024-12-15 09:59:33
C1291,Bobby Hughes,2024-12-15 09:59:33,2024-12-15 09:59:33
C1292,Joe Griffin,2024-12-15 09:59:33,2024-12-15 09:59:33
C1293,Kenneth Ross,2024-12-15 09:59:33,2024-12-15 09:59:33
C1294,Henry Boyd,2024-12-15 09:59:33,2024-12-15 09:59:33
C1295,Steve Bennett,2024-12-15 09:59:33,2024-12-15 09:59:33
C1296,Scott Gordon,2024-12-15 09:59:33,2024-12-15 09:59:33
C1297,Joshua Brooks,2024-12-15 09:59:33,2024-12-15 09:59:33
C1298,Edward Mason,2024-12-15 09:59:33,2024-12-15 09:59:33
C1299,Gregory Welch,2024-12-15 09:59:33,2024-12-15 09:59:33
C1300,Steve Miller,2024-12-15 09:59:33,2024-12-15 09:59:33
C1301,James Simmons,2024-12-15 09:59:33,2024-12-15 09:59:33
C1302,Anthony Berry,2024-12-15 09:59:33,2024-12-15 09:59:33
C1303,Keith Murphy,2024-12-15 09:59:33,2024-12-15 09:59:33
C1304,Fred Russell,2024-12-15 09:59:33,2024-12-15 09:59:33
C1305,Paul Taylor,2024-12-15 09:59:33,2024-12-15 09:59:33
C1306,Shawn Stephens,2024-12-15 09:59:33,2024-12-15 09:59:33
C1307,Sean Woods,2024-12-15 09:59:33,2024-12-15 09:59:33
C1308,Michael Cole,2024-12-15 09:59:33,2024-12-15 09:59:33
C1309,Daniel Carroll,2024-12-15 09:59:33,2024-12-15 09:59:33
C1310,Billy Cook,2024-12-15 09:59:33,2024-12-15 09:59:33
C1311,Eugene Castillo,2024-12-15 09:59:33,2024-12-15 09:59:33
C1312,Antonio Cooper,2024-12-15 09:59:33,2024-12-15 09:59:33
C1313,Jonathan Harris,2024-12-15 09:59:33,2024-12-15 09:59:33
C1314,Raymond Young,2024-12-15 09:59:33,2024-12-15 09:59:33
C1315,Patrick Rivera,2024-12-15 09:59:33,2024-12-15 09:59:33
C1316,Adam Hernandez,2024-12-15 09:59:33,2024-12-15 09:59:33
C1317,Ronald Barnes,2024-12-15 09:59:33,2024-12-15 09:59:33
C1318,Randy Hayes,2024-12-15 09:59:33,2024-12-15 09:59:33
C1319,Charles Richards,2024-12-15 09:59:33,2024-12-15 09:59:33
C1320,Anthony Turner,2024-12-15 09:59:33,2024-12-15 09:59:33
C1321,Andrew Graham,2024-12-15 09:59:33,2024-12-15 09:59:33
C1322,Juan Rivera,2024-12-15 09:59:33,2024-12-15 09:59:33
C1323,Victor Chapman,2024-12-15 09:59:33,2024-12-15 09:59:33
C1324,Jesse Hernandez,2024-12-15 09:59:33,2024-12-15 09:59:33
C1325,Walter Baker,2024-12-15 09:59:33,2024-12-15 09:59:33
C1326,Donald Stanley,2024-12-15 09:59:33,2024-12-15 09:59:33
C1327,Andrew Robinson,2024-12-15 09:59:33,2024-12-15 09:59:33
C1328,Peter Boyd,2024-12-15 09:59:33,2024-12-15 09:59:33
C1329,Stephen Reynolds,2024-12-15 09:59:33,2024-12-15 09:59:33
C1330,Roy Shaw,2024-12-15 09:59:33,2024-12-15 09:59:33
C1331,Sean Black,2024-12-15 09:59:33,2024-12-15 09:59:33
C1332,Brian Hunter,2024-12-15 09:59:33,2024-12-15 09:59:33
C1333,Keith Jordan,2024-12-15 09:59:33,2024-12-15 09:59:33
C1334,Philip Bailey,2024-12-15 09:59:33,2024-12-15 09:59:33
C1335,Louis Mccoy,2024-12-15 09:59:33,2024-12-15 09:59:33
C1336,Andrew Graham,2024-12-15 09:59:33,2024-12-15 09:59:33
C1337,Eric Bowman,2024-12-15 09:59:33,2024-12-15 09:59:33
C1338,Thomas Hawkins,2024-12-15 09:59:33,2024-12-15 09:59:33
C1339,Billy West,2024-12-15 09:59:33,2024-12-15 09:59:33
C1340,Jimmy Morrison,2024-12-15 09:59:33,2024-12-15 09:59:33
C1341,Patrick Graham,2024-12-15 09:59:33,2024-12-15 09:59:33
C1342,Philip Burton,2024-12-15 09:59:33,2024-12-15 09:59:33
C1343,Eric Armstrong,2024-12-15 09:59:33,2024-12-15 09:59:33
C1344,Paul Richardson,2024-12-15 09:59:33,2024-12-15 09:59:33
C1345,Andrew Butler,2024-12-15 09:59:33,2024-12-15 09:59:33
C1346,Paul Henderson,2024-12-15 09:59:33,2024-12-15 09:59:33
C1347,Fred Jenkins,2024-12-15 09:59:33,2024-12-15 09:59:33
C1348,Fred Reid,2024-12-15 09:59:33,2024-12-15 09:59:33
C1349,Eric Ward,2024-12-15 09:59:33,2024-12-15 09:59:33
C1350,Douglas Franklin,2024-12-15 09:59:33,2024-12-15 09:59:33
C1351,Paul Johnson,2024-12-15 09:59:33,2024-12-15 09:59:33
C1352,Michael Lane,2024-12-15 09:59:33,2024-12-15 09:59:33
C1353,Adam Alexander,2024-12-15 09:59:33,2024-12-15 09:59:33
C1354,Fred Russell,2024-12-15 09:59:33,2024-12-15 09:59:33
C1355,William Franklin,2024-12-15 09:59:33,2024-12-15 09:59:33
C1356,Frank Mason,2024-12-15 09:59:33,2024-12-15 09:59:33
C1357,Christopher Miller,2024-12-15 09:59:33,2024-12-15 09:59:33
C1358,Steven Howard,2024-12-15 09:59:33,2024-12-15 09:59:33
C1359,Antonio Shaw,2024-12-15 09:59:33,2024-12-15 09:59:33
C1360,Bruce King,2024-12-15 09:59:33,2024-12-15 09:59:33
C1361,Todd Price,2024-12-15 09:59:33,2024-12-15 09:59:33
C1362,Victor Ramos,2024-12-15 09:59:33,2024-12-15 09:59:33
C1363,Roger Alexander,2024-12-15 09:59:33,2024-12-15 09:59:33
C1364,Jeffrey Sanders,2024-12-15 09:59:33,2024-12-15 09:59:33
C1365,Henry Harper,2024-12-15 09:59:33,2024-12-15 09:59:33
C1366,Ralph Banks,2024-12-15 09:59:33,2024-12-15 09:59:33
C1367,Nicholas Garcia,2024-12-15 09:59:33,2024-12-15 09:59:33
C1368,Jerry Andrews,2024-12-15 09:59:33,2024-12-15 09:59:33
C1369,Brian Murphy,2024-12-15 09:59:33,2024-12-15 09:59:33
C1370,Ernest Knight,2024-12-15 09:59:33,2024-12-15 09:59:33
C1371,David Ford,2024-12-15 09:59:33,2024-12-15 09:59:33
C1372,Keith Schmidt,2024-12-15 09:59:33,2024-12-15 09:59:33
C1373,Philip Cunningham,2024-12-15 09:59:33,2024-12-15 09:59:33
C1374,Mark Morales,2024-12-15 09:59:33,2024-12-15 09:59:33
C1375,Ronald Bradley,2024-12-15 09:59:33,2024-12-15 09:59:33
C1376,Steven Carr,2024-12-15 09:59:33,2024-12-15 09:59:33
C1377,Ralph Cooper,2024-12-15 09:59:33,2024-12-15 09:59:33
C1378,Shawn Cook,2024-12-15 09:59:33,2024-12-15 09:59:33
C1379,Roy Scott,2024-12-15 09:59:33,2024-12-15 09:59:33
C1380,Jesse Hill,2024-12-15 09:59:33,2024-12-15 09:59:33
C1381,Terry Watson,2024-12-15 09:59:33,2024-12-15 09:59:33
C1382,Mark Lee,2024-12-15 09:59:33,2024-12-15 09:59:33
C1383,Shawn Wallace,2024-12-15 09:59:33,2024-12-15 09:59:33
C1384,Nicholas Stanley,2024-12-15 09:59:33,2024-12-15 09:59:33
C1385,Victor Martinez,2024-12-15 09:59:33,2024-12-15 09:59:33
C1386,John Long,2024-12-15 09:59:33,2024-12-15 09:59:33
C1387,Justin Romero,2024-12-15 09:59:33,2024-12-15 09:59:33
C1388,Jason Murphy,2024-12-15 09:59:33,2024-12-15 09:59:33
C1389,Henry Andrews,2024-12-15 09:59:33,2024-12-15 09:59:33
C1390,Billy Miller,2024-12-15 09:59:33,2024-12-15 09:59:33
C1391,Arthur Gilbert,2024-12-15 09:59:33,2024-12-15 09:59:33
C1392,Paul Carpenter,2024-12-15 09:59:33,2024-12-15 09:59:33
C1393,John Brooks,2024-12-15 09:59:33,2024-12-15 09:59:33
C1394,Joe Price,2024-12-15 09:59:33,2024-12-15 09:59:33
C1395,Bruce Butler,2024-12-15 09:59:33,2024-12-15 09:59:33
C1396,Harry Perkins,2024-12-15 09:59:33,2024-12-15 09:59:33
C1397,Paul Johnson,2024-12-15 09:59:33,2024-12-15 09:59:33
C1398,Kenneth Dunn,2024-12-15 09:59:33,2024-12-15 09:59:33
C1399,Richard Peterson,2024-12-15 09:59:33,2024-12-15 09:59:33
C1400,Alan Sims,2024-12-15 09:59:33,2024-12-15 09:59:33
C1401,Phillip Carpenter,2024-12-15 09:59:33,2024-12-15 09:59:33
C1402,Howard Lewis,2024-12-15 09:59:33,2024-12-15 09:59:33
C1403,Antonio Dixon,2024-12-15 09:59:33,2024-12-15 09:59:33
C1404,Carlos Kim,2024-12-15 09:59:33,2024-12-15 09:59:33
C1405,Walter Harris,2024-12-15 09:59:33,2024-12-15 09:59:33
C1406,Peter Boyd,2024-12-15 09:59:33,2024-12-15 09:59:33
C1407,Albert Rice,2024-12-15 09:59:33,2024-12-15 09:59:33
C1408,Samuel Palmer,2024-12-15 09:59:33,2024-12-15 09:59:33
C1409,Eugene Brooks,2024-12-15 09:59:33,2024-12-15 09:59:33
C1410,Eugene Murphy,2024-12-15 09:59:33,2024-12-15 09:59:33
C1411,Raymond Allen,2024-12-15 09:59:33,2024-12-15 09:59:33
C1412,Frank Brown,2024-12-15 09:59:33,2024-12-15 09:59:33
C1413,Christopher Nguyen,2024-12-15 09:59:33,2024-12-15 09:59:33
C1414,Keith Stephens,2024-12-15 09:59:33,2024-12-15 09:59:33
C1415,Douglas Foster,2024-12-15 09:59:33,2024-12-15 09:59:33
C1416,Howard Lynch,2024-12-15 09:59:33,2024-12-15 09:59:33
C1417,Eric Bowman,2024-12-15 09:59:33,2024-12-15 09:59:33
C1418,Jeremy Schmidt,2024-12-15 09:59:33,2024-12-15 09:59:33
C1419,Eugene Cunningham,2024-12-15 09:59:33,2024-12-15 09:59:33
C1420,Clarence Warren,2024-12-15 09:59:33,2024-12-15 09:59:33
C1421,Patrick Hall,2024-12-15 09:59:33,2024-12-15 09:59:33
C1422,Jose Riley,2024-12-15 09:59:33,2024-12-15 09:59:33
C1423,Keith Stephens,2024-12-15 09:59:33,2024-12-15 09:59:33
C1424,Benjamin Lynch,2024-12-15 09:59:33,2024-12-15 09:59:33
C1425,Peter Warren,2024-12-15 09:59:33,2024-12-15 09:59:33
C1426,Matthew Lewis,2024-12-15 09:59:33,2024-12-15 09:59:33
C1427,Adam Bailey,2024-12-15 09:59:33,2024-12-15 09:59:33
C1428,Alan Gomez,2024-12-15 09:59:33,2024-12-15 09:59:33
C1429,Ralph Olson,2024-12-15 09:59:33,2024-12-15 09:59:33
C1430,Ernest Austin,2024-12-15 09:59:33,2024-12-15 09:59:33
C1431,Billy Evans,2024-12-15 09:59:33,2024-12-15 09:59:33
C1432,Peter Freeman,2024-12-15 09:59:33,2024-12-15 09:59:33
C1433,Carlos Wheeler,2024-12-15 09:59:33,2024-12-15 09:59:33
C1434,Christopher Nguyen,2024-12-15 09:59:33,2024-12-15 09:59:33
C1435,Justin Butler,2024-12-15 09:59:33,2024-12-15 09:59:33
C1436,Ronald Arnold,2024-12-15 09:59:33,2024-12-15 09:59:33
C1437,Steve Barnes,2024-12-15 09:59:33,2024-12-15 09:59:33
C1438,Ryan Bailey,2024-12-15 09:59:33,2024-12-15 09:59:33
C1439,Matthew Walker,2024-12-15 09:59:33,2024-12-15 09:59:33
C1440,Brian Warren,2024-12-15 09:59:33,2024-12-15 09:59:33
C1441,Eugene Cunningham,2024-12-15 09:59:33,2024-12-15 09:59:33
C1442,Phillip Morrison,2024-12-15 09:59:33,2024-12-15 09:59:33
C1443,Lawrence Kelly,2024-12-15 09:59:33,2024-12-15 09:59:33
C1444,Jack Reid,2024-12-15 09:59:33,2024-12-15 09:59:33
C1445,Philip Bailey,2024-12-15 09:59:33,2024-12-15 09:59:33
C1446,Brandon Wright,2024-12-15 09:59:33,2024-12-15 09:59:33
C1447,Sean Snyder,2024-12-15 09:59:33,2024-12-15 09:59:33
C1448,Adam Hunter,2024-12-15 09:59:33,2024-12-15 09:59:33
C1449,Nicholas Cunningham,2024-12-15 09:59:33,2024-12-15 09:59:33
C1450,Jesse Barnes,2024-12-15 09:59:33,2024-12-15 09:59:33
C1451,Nicholas Williamson,2024-12-15 09:59:33,2024-12-15 09:59:33
C1452,Joshua Anderson,2024-12-15 09:59:33,2024-12-15 09:59:33
C1453,Brandon Dixon,2024-12-15 09:59:33,2024-12-15 09:59:33
C1454,Arthur Webb,2024-12-15 09:59:33,2024-12-15 09:59:33
C1455,Eugene Scott,2024-12-15 09:59:33,2024-12-15 09:59:33
C1456,Raymond Alexander,2024-12-15 09:59:33,2024-12-15 09:59:33
C1457,Shawn Day,2024-12-15 09:59:33,2024-12-15 09:59:33
C1458,Richard Hudson,2024-12-15 09:59:33,2024-12-15 09:59:33
C1459,Todd Roberts,2024-12-15 09:59:33,2024-12-15 09:59:33
C1460,Joseph Lopez,2024-12-15 09:59:33,2024-12-15 09:59:33
C1461,Aaron Miller,2024-12-15 09:59:33,2024-12-15 09:59:33
C1462,Thomas Gonzales,2024-12-15 09:59:33,2024-12-15 09:59:33
C1463,Joshua Watkins,2024-12-15 09:59:33,2024-12-15 09:59:33
C1464,Jason Gray,2024-12-15 09:59:33,2024-12-15 09:59:33
C1465,John Long,2024-12-15 09:59:33,2024-12-15 09:59:33
C1466,Peter Gray,2024-12-15 09:59:33,2024-12-15 09:59:33
C1467,James Armstrong,2024-12-15 09:59:33,2024-12-15 09:59:33
C1468,Adam Hernandez,2024-12-15 09:59:33,2024-12-15 09:59:33
C1469,William Franklin,2024-12-15 09:59:33,2024-12-15 09:59:33
C1470,Sean Knight,2024-12-15 09:59:33,2024-12-15 09:59:33
C1471,Shawn Scott,2024-12-15 09:59:33,2024-12-15 09:59:33
C1472,Jeffrey Carpenter,2024-12-15 09:59:33,2024-12-15 09:59:33
C1473,James Fisher,2024-12-15 09:59:33,2024-12-15 09:59:33
C1474,Sean Kelly,2024-12-15 09:59:33,2024-12-15 09:59:33
C1475,Benjamin Kim,2024-12-15 09:59:33,2024-12-15 09:59:33
C1476,Larry Ross,2024-12-15 09:59:33,2024-12-15 09:59:33
C1477,Carlos Hunt,2024-12-15 09:59:33,2024-12-15 09:59:33
C1478,Thomas Holmes,2024-12-15 09:59:33,2024-12-15 09:59:33
C1479,Joshua Garza,2024-12-15 09:59:33,2024-12-15 09:59:33
C1480,Matthew Lewis,2024-12-15 09:59:33,2024-12-15 09:59:33
C1481,Stephen Cook,2024-12-15 09:59:33,2024-12-15 09:59:33
C1482,Shawn Fields,2024-12-15 09:59:33,2024-12-15 09:59:33
C1483,Mark Gonzalez,2024-12-15 09:59:33,2024-12-15 09:59:33
C1484,Christopher Kim,2024-12-15 09:59:33,2024-12-15 09:59:33
C1485,Raymond Fields,2024-12-15 09:59:33,2024-12-15 09:59:33
C1486,Wayne Williams,2024-12-15 09:59:33,2024-12-15 09:59:33
C1487,Dennis Myers,2024-12-15 09:59:33,2024-12-15 09:59:33
C1488,Samuel Palmer,2024-12-15 09:59:33,2024-12-15 09:59:33
C1489,Peter Boyd,2024-12-15 09:59:33,2024-12-15 09:59:33
C1490,Kenneth Arnold,2024-12-15 09:59:33,2024-12-15 09:59:33
C1491,Clarence Austin,2024-12-15 09:59:33,2024-12-15 09:59:33
C1492,Raymond Burke,2024-12-15 09:59:33,2024-12-15 09:59:33
C1493,Stephen Greene,2024-12-15 09:59:33,2024-12-15 09:59:33
C1494,Jack Reid,2024-12-15 09:59:33,2024-12-15 09:59:33
C1495,Henry Elliott,2024-12-15 09:59:33,2024-12-15 09:59:33
C1496,Carl Anderson,2024-12-15 09:59:33,2024-12-15 09:59:33
C1497,Brandon Diaz,2024-12-15 09:59:33,2024-12-15 09:59:33
C1498,Keith Campbell,2024-12-15 09:59:33,2024-12-15 09:59:33
C1499,Stephen Greene,2024-12-15 09:59:33,2024-12-15 09:59:33
C1500,Frank Brown,2024-12-15 09:59:33,2024-12-15 09:59:33
C1501,Earl Ortiz,2024-12-15 09:59:33,2024-12-15 09:59:33
C1502,Samuel Stewart,2024-12-15 09:59:33,2024-12-15 09:59:33
C1503,Patrick Graham,2024-12-15 09:59:33,2024-12-15 09:59:33
C1504,William Hawkins,2024-12-15 09:59:33,2024-12-15 09:59:33
C1505,Jose Watson,2024-12-15 09:59:33,2024-12-15 09:59:33
C1506,Victor Rogers,2024-12-15 09:59:33,2024-12-15 09:59:33
C1507,Donald Andrews,2024-12-15 09:59:33,2024-12-15 09:59:33
C1508,Matthew Smith,2024-12-15 09:59:33,2024-12-15 09:59:33
C1509,Louis Harris,2024-12-15 09:59:33,2024-12-15 09:59:33
C1510,Arthur Roberts,2024-12-15 09:59:33,2024-12-15 09:59:33
C1511,Fred Howell,2024-12-15 09:59:33,2024-12-15 09:59:33
C1512,Nicholas Ward,2024-12-15 09:59:33,2024-12-15 09:59:33
C1513,Henry Andrews,2024-12-15 09:59:33,2024-12-15 09:59:33
C1514,Steve Diaz,2024-12-15 09:59:33,2024-12-15 09:59:33
C1515,Gerald Reyes,2024-12-15 09:59:33,2024-12-15 09:59:33
C1516,Shawn Owens,2024-12-15 09:59:33,2024-12-15 09:59:33
C1517,Gregory Chapman,2024-12-15 09:59:33,2024-12-15 09:59:33
C1518,Scott Allen,2024-12-15 09:59:33,2024-12-15 09:59:33
C1519,Mark Elliott,2024-12-15 09:59:33,2024-12-15 09:59:33
C1520,Antonio Shaw,2024-12-15 09:59:33,2024-12-15 09:59:33
C1521,Philip Cunningham,2024-12-15 09:59:33,2024-12-15 09:59:33
C1522,Thomas Gonzales,2024-12-15 09:59:33,2024-12-15 09:59:33
C1523,Johnny Martinez,2024-12-15 09:59:33,2024-12-15 09:59:33
C1524,David Olson,2024-12-15 09:59:33,2024-12-15 09:59:33
C1525,Mark Simmons,2024-12-15 09:59:33,2024-12-15 09:59:33
C1526,Juan Rivera,2024-12-15 09:59:33,2024-12-15 09:59:33
C1527,Lawrence Watson,2024-12-15 09:59:33,2024-12-15 09:59:33
C1528,Jose Griffin,2024-12-15 09:59:33,2024-12-15 09:59:33
C1529,Walter Harris,2024-12-15 09:59:33,2024-12-15 09:59:33
C1530,Bruce Armstrong,2024-12-15 09:59:33,2024-12-15 09:59:33
C1531,Richard Hudson,2024-12-15 09:59:33,2024-12-15 09:59:33
C1532,Stephen Kelly,2024-12-15 09:59:33,2024-12-15 09:59:33
C1533,Paul Holmes,2024-12-15 09:59:33,2024-12-15 09:59:33
C1534,Alan Sims,2024-12-15 09:59:33,2024-12-15 09:59:33
C1535,Samuel Stewart,2024-12-15 09:59:33,2024-12-15 09:59:33
C1536,Frank Brown,2024-12-15 09:59:33,2024-12-15 09:59:33
C1537,Nicholas Williamson,2024-12-15 09:59:33,2024-12-15 09:59:33
C1538,Ralph Richardson,2024-12-15 09:59:33,2024-12-15 09:59:33
C1539,William Carpenter,2024-12-15 09:59:33,2024-12-15 09:59:33
C1540,Sean Woods,2024-12-15 09:59:33,2024-12-15 09:59:33
C1541,Mark Spencer,2024-12-15 09:59:33,2024-12-15 09:59:33
C1542,Douglas Wallace,2024-12-15 09:59:33,2024-12-15 09:59:33
C1543,Aaron Miller,2024-12-15 09:59:33,2024-12-15 09:59:33
C1544,Ralph Willis,2024-12-15 09:59:33,2024-12-15 09:59:33
C1545,Willie Mason,2024-12-15 09:59:33,2024-12-15 09:59:33
C1546,David Mendoza,2024-12-15 09:59:33,2024-12-15 09:59:33
C1547,Bruce Oliver,2024-12-15 09:59:33,2024-12-15 09:59:33
C1548,Aaron Carr,2024-12-15 09:59:33,2024-12-15 09:59:33
C1549,Harry Hudson,2024-12-15 09:59:33,2024-12-15 09:59:33
C1550,Jeremy Porter,2024-12-15 09:59:33,2024-12-15 09:59:33
C1551,Samuel Fowler,2024-12-15 09:59:33,2024-12-15 09:59:33
C1552,Robert Price,2024-12-15 09:59:33,2024-12-15 09:59:33
C1553,Steven Mccoy,2024-12-15 09:59:33,2024-12-15 09:59:33
C1554,Keith Stephens,2024-12-15 09:59:33,2024-12-15 09:59:33
C1555,Ralph Davis,2024-12-15 09:59:33,2024-12-15 09:59:33
C1556,Victor Lawson,2024-12-15 09:59:33,2024-12-15 09:59:33
C1557,Ralph Jacobs,2024-12-15 09:59:33,2024-12-15 09:59:33
C1558,Robert Ferguson,2024-12-15 09:59:33,2024-12-15 09:59:33
C1559,Joe Griffin,2024-12-15 09:59:33,2024-12-15 09:59:33
C1560,Bruce Butler,2024-12-15 09:59:33,2024-12-15 09:59:33
C1561,Eric Alvarez,2024-12-15 09:59:33,2024-12-15 09:59:33
C1562,Edward Mason,2024-12-15 09:59:33,2024-12-15 09:59:33
C1563,Richard Peterson,2024-12-15 09:59:33,2024-12-15 09:59:33
C1564,Joseph Warren,2024-12-15 09:59:33,2024-12-15 09:59:33
C1565,Ernest Rivera,2024-12-15 09:59:33,2024-12-15 09:59:33
C1566,Aaron Mills,2024-12-15 09:59:33,2024-12-15 09:59:33
C1567,Juan Lawrence,2024-12-15 09:59:33,2024-12-15 09:59:33
C1568,Jesse Alvarez,2024-12-15 09:59:33,2024-12-15 09:59:33
C1569,Jason Murphy,2024-12-15 09:59:33,2024-12-15 09:59:33
C1570,Jimmy Grant,2024-12-15 09:59:33,2024-12-15 09:59:33
C1571,Russell Bailey,2024-12-15 09:59:33,2024-12-15 09:59:33
C1572,Andrew Robinson,2024-12-15 09:59:33,2024-12-15 09:59:33
C1573,Michael Mills,2024-12-15 09:59:33,2024-12-15 09:59:33
C1574,Bobby Willis,2024-12-15 09:59:33,2024-12-15 09:59:33
C1575,James Simmons,2024-12-15 09:59:33,2024-12-15 09:59:33
C1576,Charles Fields,2024-12-15 09:59:33,2024-12-15 09:59:33
C1577,Fred Russell,2024-12-15 09:59:33,2024-12-15 09:59:33
C1578,Benjamin Vasquez,2024-12-15 09:59:33,2024-12-15 09:59:33
C1579,Keith James,2024-12-15 09:59:33,2024-12-15 09:59:33
C1580,Gregory Welch,2024-12-15 09:59:33,2024-12-15 09:59:33
C1581,Antonio Frazier,2024-12-15 09:59:33,2024-12-15 09:59:33
C1582,William Schmidt,2024-12-15 09:59:33,2024-12-15 09:59:33
C1583,George Ellis,2024-12-15 09:59:33,2024-12-15 09:59:33
C1584,Ralph Kelley,2024-12-15 09:59:33,2024-12-15 09:59:33
C1585,Paul Holmes,2024-12-15 09:59:33,2024-12-15 09:59:33
C1586,Kenneth Dunn,2024-12-15 09:59:33,2024-12-15 09:59:33
C1587,Samuel Jenkins,2024-12-15 09:59:33,2024-12-15 09:59:33
C1588,Juan Rivera,2024-12-15 09:59:33,2024-12-15 09:59:33
C1589,Arthur Webb,2024-12-15 09:59:33,2024-12-15 09:59:33
C1590,Sean Andrews,2024-12-15 09:59:33,2024-12-15 09:59:33
C1591,William Schmidt,2024-12-15 09:59:33,2024-12-15 09:59:33
C1592,Stephen Payne,2024-12-15 09:59:33,2024-12-15 09:59:33
C1593,Kevin Gilbert,2024-12-15 09:59:33,2024-12-15 09:59:33
C1594,Frank Brown,2024-12-15 09:59:33,2024-12-15 09:59:33
C1595,Carl Collins,2024-12-15 09:59:33,2024-12-15 09:59:33
C1596,Russell Boyd,2024-12-15 09:59:33,2024-12-15 09:59:33
C1597,Kevin Wheeler,2024-12-15 09:59:33,2024-12-15 09:59:33
C1598,Russell Grant,2024-12-15 09:59:33,2024-12-15 09:59:33
C1599,Todd Lynch,2024-12-15 09:59:33,2024-12-15 09:59:33
C1600,Walter Duncan,2024-12-15 09:59:33,2024-12-15 09:59:33
C1601,Jerry Rogers,2024-12-15 09:59:33,2024-12-15 09:59:33
C1602,Donald Andrews,2024-12-15 09:59:33,2024-12-15 09:59:33
C1603,Brian Warren,2024-12-15 09:59:33,2024-12-15 09:59:33
C1604,Billy Gonzales,2024-12-15 09:59:33,2024-12-15 09:59:33
C1605,Terry Morris,2024-12-15 09:59:33,2024-12-15 09:59:33
C1606,Keith Hamilton,2024-12-15 09:59:33,2024-12-15 09:59:33
C1607,Charles Fields,2024-12-15 09:59:33,2024-12-15 09:59:33
C1608,Jesse Castillo,2024-12-15 09:59:33,2024-12-15 09:59:33
C1609,Peter Bradley,2024-12-15 09:59:33,2024-12-15 09:59:33
C1610,Richard Jordan,2024-12-15 09:59:33,2024-12-15 09:59:33
C1611,Keith Murray,2024-12-15 09:59:33,2024-12-15 09:59:33
C1612,William Medina,2024-12-15 09:59:33,2024-12-15 09:59:33
C1613,Edward Williams,2024-12-15 09:59:33,2024-12-15 09:59:33
C1614,Ernest Bradley,2024-12-15 09:59:33,2024-12-15 09:59:33
C1615,Nicholas Stanley,2024-12-15 09:59:33,2024-12-15 09:59:33
C1616,Ryan Price,2024-12-15 09:59:33,2024-12-15 09:59:33
C1617,Carlos Stewart,2024-12-15 09:59:33,2024-12-15 09:59:33
C1618,Jose Ellis,2024-12-15 09:59:33,2024-12-15 09:59:33
C1619,George Adams,2024-12-15 09:59:33,2024-12-15 09:59:33
C1620,Fred Jenkins,2024-12-15 09:59:33,2024-12-15 09:59:33
C1621,Chris Hall,2024-12-15 09:59:33,2024-12-15 09:59:33
C1622,Gary Baker,2024-12-15 09:59:33,2024-12-15 09:59:33
C1623,Jesse Evans,2024-12-15 09:59:33,2024-12-15 09:59:33
C1624,Kevin Willis,2024-12-15 09:59:33,2024-12-15 09:59:33
C1625,Bobby Murray,2024-12-15 09:59:33,2024-12-15 09:59:33
C1626,Walter Baker,2024-12-15 09:59:33,2024-12-15 09:59:33
C1627,Ronald Burns,2024-12-15 09:59:33,2024-12-15 09:59:33
C1628,David Garrett,2024-12-15 09:59:33,2024-12-15 09:59:33
C1629,Paul Taylor,2024-12-15 09:59:33,2024-12-15 09:59:33
C1630,Philip Bailey,2024-12-15 09:59:33,2024-12-15 09:59:33
C1631,Michael Thomas,2024-12-15 09:59:33,2024-12-15 09:59:33
C1632,Howard Lewis,2024-12-15 09:59:33,2024-12-15 09:59:33
C1633,Gerald Andrews,2024-12-15 09:59:33,2024-12-15 09:59:33
C1634,Bruce Armstrong,2024-12-15 09:59:33,2024-12-15 09:59:33
C1635,Timothy Bowman,2024-12-15 09:59:33,2024-12-15 09:59:33
C1636,Jeremy Porter,2024-12-15 09:59:33,2024-12-15 09:59:33
C1637,Robert Carr,2024-12-15 09:59:33,2024-12-15 09:59:33
C1638,Victor Chapman,2024-12-15 09:59:33,2024-12-15 09:59:33
C1639,Nicholas Morrison,2024-12-15 09:59:33,2024-12-15 09:59:33
C1640,Benjamin Morgan,2024-12-15 09:59:33,2024-12-15 09:59:33
C1641,Charles Bell,2024-12-15 09:59:33,2024-12-15 09:59:33
C1642,Kenneth Ryan,2024-12-15 09:59:33,2024-12-15 09:59:33
C1643,Wayne Gordon,2024-12-15 09:59:33,2024-12-15 09:59:33
C1644,Roy Jenkins,2024-12-15 09:59:33,2024-12-15 09:59:33
C1645,Todd Roberts,2024-12-15 09:59:33,2024-12-15 09:59:33
C1646,Charles Richards,2024-12-15 09:59:33,2024-12-15 09:59:33
C1647,Jesse Hernandez,2024-12-15 09:59:33,2024-12-15 09:59:33
C1648,Jose Riley,2024-12-15 09:59:33,2024-12-15 09:59:33
C1649,Douglas Kennedy,2024-12-15 09:59:33,2024-12-15 09:59:33
C1650,Jack Reid,2024-12-15 09:59:33,2024-12-15 09:59:33
C1651,Ralph Kelley,2024-12-15 09:59:33,2024-12-15 09:59:33
C1652,Carl Martin,2024-12-15 09:59:33,2024-12-15 09:59:33
C1653,Nicholas Sanders,2024-12-15 09:59:33,2024-12-15 09:59:33
C1654,Philip Bailey,2024-12-15 09:59:33,2024-12-15 09:59:33
C1655,Carlos Miller,2024-12-15 09:59:33,2024-12-15 09:59:33
C1656,Carlos Kim,2024-12-15 09:59:33,2024-12-15 09:59:33
C1657,Eric Bowman,2024-12-15 09:59:33,2024-12-15 09:59:33
C1658,Alan Scott,2024-12-15 09:59:33,2024-12-15 09:59:33
C1659,Joseph Lopez,2024-12-15 09:59:33,2024-12-15 09:59:33
C1660,Brian Kim,2024-12-15 09:59:33,2024-12-15 09:59:33
C1661,Howard Moore,2024-12-15 09:59:33,2024-12-15 09:59:33
C1662,Stephen Webb,2024-12-15 09:59:33,2024-12-15 09:59:33
C1663,Fred Reid,2024-12-15 09:59:33,2024-12-15 09:59:33
C1664,Scott Roberts,2024-12-15 09:59:33,2024-12-15 09:59:33
C1665,Kevin Wheeler,2024-12-15 09:59:33,2024-12-15 09:59:33
C1666,Nicholas Morrison,2024-12-15 09:59:33,2024-12-15 09:59:33
C1667,Adam Hunter,2024-12-15 09:59:33,2024-12-15 09:59:33
C1668,Gerald Andrews,2024-12-15 09:59:33,2024-12-15 09:59:33
C1669,Andrew Robinson,2024-12-15 09:59:33,2024-12-15 09:59:33
C1670,Eugene Brooks,2024-12-15 09:59:33,2024-12-15 09:59:33
C1671,Steve Wells,2024-12-15 09:59:33,2024-12-15 09:59:33
C1672,Joe Fuller,2024-12-15 09:59:33,2024-12-15 09:59:33
C1673,Keith Murphy,2024-12-15 09:59:33,2024-12-15 09:59:33
C1674,Jose Williams,2024-12-15 09:59:33,2024-12-15 09:59:33
C1675,Michael Reed,2024-12-15 09:59:33,2024-12-15 09:59:33
C1676,Samuel Kim,2024-12-15 09:59:33,2024-12-15 09:59:33
C1677,Ernest Austin,2024-12-15 09:59:33,2024-12-15 09:59:33
C1678,Jonathan Hawkins,2024-12-15 09:59:33,2024-12-15 09:59:33
C1679,Donald Reynolds,2024-12-15 09:59:33,2024-12-15 09:59:33
C1680,Lawrence Kelly,2024-12-15 09:59:33,2024-12-15 09:59:33
C1681,Gary Hudson,2024-12-15 09:59:33,2024-12-15 09:59:33
C1682,Steven Martinez,2024-12-15 09:59:33,2024-12-15 09:59:33
C1683,Joe Rose,2024-12-15 09:59:33,2024-12-15 09:59:33
C1684,Clarence Kelley,2024-12-15 09:59:33,2024-12-15 09:59:33
C1685,James Foster,2024-12-15 09:59:33,2024-12-15 09:59:33
C1686,Wayne Rodriguez,2024-12-15 09:59:33,2024-12-15 09:59:33
C1687,Anthony Banks,2024-12-15 09:59:33,2024-12-15 09:59:33
C1688,Matthew Walker,2024-12-15 09:59:33,2024-12-15 09:59:33
C1689,Christopher Ramos,2024-12-15 09:59:33,2024-12-15 09:59:33
C1690,Timothy Howard,2024-12-15 09:59:33,2024-12-15 09:59:33
C1691,Douglas Diaz,2024-12-15 09:59:33,2024-12-15 09:59:33
C1692,Gregory Simmons,2024-12-15 09:59:33,2024-12-15 09:59:33
C1693,Thomas Campbell,2024-12-15 09:59:33,2024-12-15 09:59:33
C1694,Thomas Chapman,2024-12-15 09:59:33,2024-12-15 09:59:33
C1695,Thomas Gray,2024-12-15 09:59:33,2024-12-15 09:59:33
C1696,Charles Sims,2024-12-15 09:59:33,2024-12-15 09:59:33
C1697,Adam White,2024-12-15 09:59:33,2024-12-15 09:59:33
C1698,Clarence Warren,2024-12-15 09:59:33,2024-12-15 09:59:33
C1699,Henry Harper,2024-12-15 09:59:33,2024-12-15 09:59:33
C1700,Ernest Rivera,2024-12-15 09:59:33,2024-12-15 09:59:33
C1701,Thomas Gonzales,2024-12-15 09:59:33,2024-12-15 09:59:33
C1702,Roy West,2024-12-15 09:59:33,2024-12-15 09:59:33
C1703,Henry Boyd,2024-12-15 09:59:33,2024-12-15 09:59:33
C1704,Thomas Gonzales,2024-12-15 09:59:33,2024-12-15 09:59:33
C1705,Andrew Reynolds,2024-12-15 09:59:33,2024-12-15 09:59:33
C1706,Anthony Torres,2024-12-15 09:59:33,2024-12-15 09:59:33
C1707,Antonio Shaw,2024-12-15 09:59:33,2024-12-15 09:59:33
C1708,William Medina,2024-12-15 09:59:33,2024-12-15 09:59:33
C1709,Bobby Jackson,2024-12-15 09:59:33,2024-12-15 09:59:33
C1710,Mark Montgomery,2024-12-15 09:59:33,2024-12-15 09:59:33
C1711,Ronald George,2024-12-15 09:59:33,2024-12-15 09:59:33
C1712,Craig Reyes,2024-12-15 09:59:33,2024-12-15 09:59:33
C1713,Louis Torres,2024-12-15 09:59:33,2024-12-15 09:59:33
C1714,Stephen Webb,2024-12-15 09:59:33,2024-12-15 09:59:33
C1715,Thomas Daniels,2024-12-15 09:59:33,2024-12-15 09:59:33
C1716,Jeremy Gomez,2024-12-15 09:59:33,2024-12-15 09:59:33
C1717,Billy Olson,2024-12-15 09:59:33,2024-12-15 09:59:33
C1718,Victor Rogers,2024-12-15 09:59:33,2024-12-15 09:59:33
C1719,Willie Day,2024-12-15 09:59:33,2024-12-15 09:59:33
C1720,Stephen Cook,2024-12-15 09:59:33,2024-12-15 09:59:33
C1721,Juan Cruz,2024-12-15 09:59:33,2024-12-15 09:59:33
C1722,Raymond Alexander,2024-12-15 09:59:33,2024-12-15 09:59:33
C1723,Louis Harris,2024-12-15 09:59:33,2024-12-15 09:59:33
C1724,Ronald Arnold,2024-12-15 09:59:33,2024-12-15 09:59:33
C1725,Joe Hanson,2024-12-15 09:59:33,2024-12-15 09:59:33
C1726,Douglas Perkins,2024-12-15 09:59:33,2024-12-15 09:59:33
C1727,Jimmy Andrews,2024-12-15 09:59:33,2024-12-15 09:59:33
C1728,Joshua Little,2024-12-15 09:59:33,2024-12-15 09:59:33
C1729,William James,2024-12-15 09:59:33,2024-12-15 09:59:33
C1730,Roger Thompson,2024-12-15 09:59:33,2024-12-15 09:59:33
C1731,Andrew Burns,2024-12-15 09:59:33,2024-12-15 09:59:33
C1732,Benjamin Garza,2024-12-15 09:59:33,2024-12-15 09:59:33
C1733,William Montgomery,2024-12-15 09:59:33,2024-12-15 09:59:33
C1734,Robert Price,2024-12-15 09:59:33,2024-12-15 09:59:33
C1735,Craig Reyes,2024-12-15 09:59:33,2024-12-15 09:59:33
C1736,Juan Perez,2024-12-15 09:59:33,2024-12-15 09:59:33
C1737,Martin Johnston,2024-12-15 09:59:33,2024-12-15 09:59:33
C1738,Johnny Martinez,2024-12-15 09:59:33,2024-12-15 09:59:33
C1739,Matthew Lewis,2024-12-15 09:59:33,2024-12-15 09:59:33
C1740,Brandon Wood,2024-12-15 09:59:33,2024-12-15 09:59:33
C1741,Samuel Price,2024-12-15 09:59:33,2024-12-15 09:59:33
C1742,Todd George,2024-12-15 09:59:33,2024-12-15 09:59:33
C1743,Jeremy Arnold,2024-12-15 09:59:33,2024-12-15 09:59:33
C1744,Philip Foster,2024-12-15 09:59:33,2024-12-15 09:59:33
C1745,Jason Hudson,2024-12-15 09:59:33,2024-12-15 09:59:33
C1746,Joshua Watkins,2024-12-15 09:59:33,2024-12-15 09:59:33
C1747,Justin Rodriguez,2024-12-15 09:59:33,2024-12-15 09:59:33
C1748,Anthony Chapman,2024-12-15 09:59:33,2024-12-15 09:59:33
C1749,George Nichols,2024-12-15 09:59:33,2024-12-15 09:59:33
C1750,Patrick Hall,2024-12-15 09:59:33,2024-12-15 09:59:33
C1751,David Garrett,2024-12-15 09:59:33,2024-12-15 09:59:33
C1752,David Wheeler,2024-12-15 09:59:33,2024-12-15 09:59:33
C1753,Andrew Fernandez,2024-12-15 09:59:33,2024-12-15 09:59:33
C1754,Fred Perez,2024-12-15 09:59:33,2024-12-15 09:59:33
C1755,Carl Nguyen,2024-12-15 09:59:33,2024-12-15 09:59:33
C1756,Stephen Cook,2024-12-15 09:59:33,2024-12-15 09:59:33
C1757,Kenneth Ryan,2024-12-15 09:59:33,2024-12-15 09:59:33
C1758,Howard Morgan,2024-12-15 09:59:33,2024-12-15 09:59:33
C1759,Richard Peters,2024-12-15 09:59:33,2024-12-15 09:59:33
C1760,Christopher Johnston,2024-12-15 09:59:33,2024-12-15 09:59:33
C1761,Chris Fuller,2024-12-15 09:59:33,2024-12-15 09:59:33
C1762,Juan Harvey,2024-12-15 09:59:33,2024-12-15 09:59:33
C1763,Gary Porter,2024-12-15 09:59:33,2024-12-15 09:59:33
C1764,Charles Perry,2024-12-15 09:59:33,2024-12-15 09:59:33
C1765,Timothy Howard,2024-12-15 09:59:33,2024-12-15 09:59:33
C1766,Frank Gibson,2024-12-15 09:59:33,2024-12-15 09:59:33
C1767,David Wilson,2024-12-15 09:59:33,2024-12-15 09:59:33
C1768,Scott Rice,2024-12-15 09:59:33,2024-12-15 09:59:33
C1769,Bobby Black,2024-12-15 09:59:33,2024-12-15 09:59:33
C1770,Aaron Johnson,2024-12-15 09:59:33,2024-12-15 09:59:33
C1771,Bobby Hughes,2024-12-15 09:59:33,2024-12-15 09:59:33
C1772,Michael Hill,2024-12-15 09:59:33,2024-12-15 09:59:33
C1773,Martin Johnston,2024-12-15 09:59:33,2024-12-15 09:59:33
C1774,Joe Bryant,2024-12-15 09:59:33,2024-12-15 09:59:33
C1775,Arthur Reid,2024-12-15 09:59:33,2024-12-15 09:59:33
C1776,Wayne Stone,2024-12-15 09:59:33,2024-12-15 09:59:33
C1777,Steven Martinez,2024-12-15 09:59:33,2024-12-15 09:59:33
C1778,Anthony Parker,2024-12-15 09:59:33,2024-12-15 09:59:33
C1779,Martin Reyes,2024-12-15 09:59:33,2024-12-15 09:59:33
C1780,James Armstrong,2024-12-15 09:59:33,2024-12-15 09:59:33
C1781,Jack Jackson,2024-12-15 09:59:33,2024-12-15 09:59:33
C1782,Anthony Parker,2024-12-15 09:59:33,2024-12-15 09:59:33
C1783,Charles Sims,2024-12-15 09:59:33,2024-12-15 09:59:33
C1784,Dennis Myers,2024-12-15 09:59:33,2024-12-15 09:59:33
C1785,Scott Rice,2024-12-15 09:59:33,2024-12-15 09:59:33
C1786,Anthony Turner,2024-12-15 09:59:33,2024-12-15 09:59:33
C1787,Eric Bradley,2024-12-15 09:59:33,2024-12-15 09:59:33
C1788,Phillip Webb,2024-12-15 09:59:33,2024-12-15 09:59:33
C1789,Johnny Ward,2024-12-15 09:59:33,2024-12-15 09:59:33
C1790,Steven Nichols,2024-12-15 09:59:33,2024-12-15 09:59:33
C1791,Bruce Bowman,2024-12-15 09:59:33,2024-12-15 09:59:33
C1792,Christopher Weaver,2024-12-15 09:59:33,2024-12-15 09:59:33
C1793,Shawn Ramos,2024-12-15 09:59:33,2024-12-15 09:59:33
C1794,Peter Gilbert,2024-12-15 09:59:33,2024-12-15 09:59:33
C1795,Jeremy Peterson,2024-12-15 09:59:33,2024-12-15 09:59:33
C1796,Bobby Coleman,2024-12-15 09:59:33,2024-12-15 09:59:33
C1797,Jason Ross,2024-12-15 09:59:33,2024-12-15 09:59:33
C1798,Shawn Torres,2024-12-15 09:59:33,2024-12-15 09:59:33
C1799,Michael Austin,2024-12-15 09:59:33,2024-12-15 09:59:33
C1800,Mark Simmons,2024-12-15 09:59:33,2024-12-15 09:59:33
